jour_mois,temperature_2m,relative_humidity_2m,dew_point_2m,precipitation,pressure_msl,surface_pressure,et0_fao_evapotranspiration,wind_speed_10m,wind_direction_10m,direct_radiation,direct_radiation_instant
01-01,4.145833333333333,93.36111111111111,3.1624999999999996,0.018055555555555557,1020.6999999999999,1015.9236111111111,0.008333333333333333,11.244444444444445,233.79166666666666,6.444444444444445,6.273611111111111
01-02,3.1680555555555556,87.15277777777777,1.101388888888889,0.03194444444444444,1017.9180555555556,1013.1486111111111,0.016944444444444443,12.691666666666666,203.19444444444446,14.819444444444445,14.169444444444444
01-03,4.263888888888889,88.31944444444444,2.447222222222222,0.24583333333333332,1012.998611111111,1008.2833333333333,0.016944444444444443,20.620833333333334,175.83333333333334,2.9305555555555554,2.576388888888889
01-04,3.3180555555555555,90.61111111111111,1.9152777777777779,0.13611111111111113,1011.1222222222223,1006.3958333333334,0.010138888888888888,17.058333333333334,188.02777777777777,0.3472222222222222,0.2833333333333333
01-05,2.0305555555555554,88.375,0.275,0.019444444444444445,1015.5083333333334,1010.7194444444444,0.013472222222222222,15.994444444444444,193.09722222222223,12.041666666666666,12.619444444444445
01-06,1.5138888888888888,89.11111111111111,-0.14444444444444443,0.05,1017.0958333333333,1012.2888888888889,0.011805555555555555,13.5125,260.52777777777777,12.027777777777779,11.802777777777779
01-07,1.2486111111111111,90.84722222222223,-0.08194444444444444,0.022222222222222223,1015.9027777777778,1011.0944444444444,0.009027777777777779,14.075,227.38888888888889,1.4861111111111112,1.6541666666666666
01-08,2.2750000000000004,90.81944444444444,0.9166666666666666,0.04027777777777777,1014.2722222222224,1009.4958333333333,0.011250000000000001,13.351388888888888,224.25,7.583333333333333,7.5569444444444445
01-09,3.1958333333333333,92.30555555555556,2.0569444444444445,0.09444444444444444,1011.8444444444444,1007.1166666666666,0.009305555555555556,12.520833333333334,217.66666666666666,1.1111111111111112,1.148611111111111
01-10,3.8291666666666666,90.79166666666667,2.404166666666667,0.04722222222222222,1019.4305555555555,1014.6777777777778,0.012638888888888889,12.676388888888889,224.97222222222223,6.527777777777778,5.913888888888889
01-11,0.9583333333333334,80.08333333333333,-2.1319444444444446,0.015277777777777779,1026.976388888889,1022.1291666666667,0.021388888888888888,14.743055555555555,203.625,10.708333333333334,11.430555555555555
01-12,1.6416666666666666,87.15277777777777,-0.3361111111111111,0.09861111111111112,1020.2722222222224,1015.4749999999999,0.016805555555555556,17.123611111111114,236.93055555555554,7.708333333333333,7.625
01-13,3.3763888888888887,88.90277777777777,1.7027777777777777,0.05555555555555555,1019.4263888888888,1014.6624999999999,0.015555555555555557,19.520833333333332,248.05555555555554,5.097222222222222,4.543055555555555
01-14,4.409722222222222,83.51388888888889,1.6749999999999998,0.04722222222222222,1018.1847222222223,1013.436111111111,0.026111111111111113,19.398611111111112,253.34722222222223,8.916666666666666,8.854166666666666
01-15,3.0180555555555557,78.34722222222223,-0.7097222222222221,0.005555555555555556,1022.2388888888888,1017.4402777777777,0.035416666666666666,14.805555555555555,268.6666666666667,18.708333333333332,18.866666666666667
01-16,1.8777777777777775,84.43055555555556,-0.5430555555555556,0.006944444444444444,1023.313888888889,1018.4833333333333,0.016805555555555556,13.416666666666666,243.69444444444446,14.13888888888889,14.020833333333334
01-17,1.7583333333333333,82.55555555555556,-0.9652777777777778,0.029166666666666667,1020.7194444444444,1015.9124999999999,0.020277777777777777,14.787500000000001,213.94444444444446,18.65277777777778,17.601388888888888
01-18,2.183333333333333,86.79166666666667,0.1305555555555556,0.07222222222222223,1025.052777777778,1020.2416666666666,0.016388888888888887,12.898611111111112,239.25,9.73611111111111,9.952777777777778
01-19,3.091666666666667,89.97222222222223,1.5777777777777777,0.14305555555555557,1021.3972222222224,1016.6208333333333,0.013472222222222222,15.269444444444446,249.02777777777777,8.625,8.8125
01-20,2.736111111111111,79.25,-0.6888888888888889,0.019444444444444445,1021.0222222222224,1016.2305555555556,0.03125,18.584722222222222,256.5138888888889,22.069444444444443,22.76111111111111
01-21,3.238888888888889,72.25,-1.5291666666666666,0.036111111111111115,1019.8874999999999,1015.1097222222221,0.04375,18.711111111111112,246.19444444444446,34.986111111111114,35.81527777777777
01-22,3.8819444444444446,83.98611111111111,1.2805555555555557,0.018055555555555557,1017.3944444444444,1012.6458333333334,0.024583333333333332,15.086111111111112,266.56944444444446,7.361111111111111,7.597222222222222
01-23,2.9166666666666665,93.09722222222223,1.8666666666666667,0.05416666666666667,1020.4972222222223,1015.7125000000001,0.010555555555555556,8.761111111111111,255.30555555555554,5.722222222222222,5.355555555555556
01-24,1.7569444444444444,93.77777777777777,0.8305555555555555,0.0625,1018.0,1013.2208333333333,0.010972222222222223,8.552777777777777,223.27777777777777,14.833333333333334,14.76388888888889
01-25,1.7222222222222223,90.95833333333333,0.39305555555555555,0.002777777777777778,1018.7277777777776,1013.9499999999999,0.010555555555555556,11.412500000000001,259.3333333333333,3.8333333333333335,3.826388888888889
01-26,1.0347222222222223,88.29166666666667,-0.7152777777777778,0.009722222222222222,1019.1180555555555,1014.3069444444445,0.014861111111111111,13.037500000000001,243.31944444444446,11.38888888888889,12.066666666666666
01-27,3.288888888888889,85.95833333333333,1.1097222222222223,0.023611111111111114,1012.7125000000001,1007.9694444444444,0.022916666666666665,18.416666666666668,228.0,20.02777777777778,19.675
01-28,3.3805555555555555,80.97222222222223,0.33888888888888885,0.12222222222222223,1007.0124999999999,1002.3027777777778,0.03097222222222222,19.545833333333334,255.48611111111111,23.708333333333332,24.095833333333335
01-29,2.2972222222222225,83.66666666666667,-0.23194444444444448,0.16805555555555554,1004.9402777777777,1000.2194444444444,0.02291666666666667,21.368055555555557,212.95833333333334,5.916666666666667,5.894444444444445
01-30,2.8277777777777775,78.77777777777777,-0.6569444444444444,0.13472222222222224,1006.9555555555556,1002.2277777777776,0.036111111111111115,21.893055555555556,253.70833333333334,19.944444444444443,19.718055555555555
01-31,1.7152777777777777,84.11111111111111,-0.7583333333333333,0.03333333333333333,1005.4541666666667,1000.7152777777778,0.025277777777777777,13.636111111111111,219.33333333333334,17.791666666666668,16.938888888888886
02-01,3.1666666666666665,80.55555555555556,-0.0388888888888889,0.16249999999999998,1002.5291666666667,997.8180555555555,0.02513888888888889,20.070833333333333,208.5,6.458333333333333,6.050000000000001
02-02,3.7569444444444446,83.33333333333333,1.0125000000000002,0.10833333333333334,1005.063888888889,1000.3722222222223,0.02986111111111111,18.702777777777776,244.97222222222223,4.333333333333333,3.734722222222222
02-03,5.147222222222222,92.41666666666667,3.994444444444445,0.26666666666666666,1006.6833333333333,1002.0083333333334,0.015416666666666669,12.945833333333333,215.08333333333334,7.319444444444445,7.427777777777777
02-04,3.888888888888889,86.84722222222223,1.8416666666666666,0.10277777777777779,1008.4041666666667,1003.6930555555555,0.02263888888888889,17.531944444444445,219.86111111111111,14.375,13.847222222222221
02-05,1.9791666666666667,77.88888888888889,-1.5597222222222222,0.06527777777777778,1020.1013888888889,1015.3152777777777,0.03375,20.480555555555554,218.70833333333334,29.041666666666668,28.041666666666668
02-06,2.4347222222222222,76.55555555555556,-1.3555555555555556,0.12916666666666668,1015.6055555555556,1010.8263888888889,0.03236111111111111,23.779166666666665,195.375,2.9027777777777777,2.851388888888889
02-07,0.8097222222222222,73.61111111111111,-3.5430555555555556,0.06527777777777778,1017.123611111111,1012.313888888889,0.034444444444444444,20.370833333333334,183.31944444444446,19.34722222222222,19.270833333333332
02-08,0.5402777777777776,79.36111111111111,-2.6958333333333333,0.10138888888888889,1016.7680555555556,1011.9611111111111,0.025833333333333333,18.258333333333333,164.97222222222223,22.22222222222222,21.891666666666666
02-09,2.2777777777777777,78.15277777777777,-1.3194444444444444,0.058333333333333334,1012.7097222222224,1007.9527777777779,0.042222222222222223,17.906944444444445,194.04166666666666,19.458333333333332,20.76111111111111
02-10,1.1166666666666667,82.66666666666667,-1.5972222222222223,0.23333333333333334,1006.6416666666667,1001.8972222222224,0.030833333333333338,16.616666666666667,248.83333333333334,23.09722222222222,22.09027777777778
02-11,0.2583333333333333,79.69444444444444,-3.0194444444444444,0.04583333333333334,1014.6805555555555,1009.8680555555555,0.03652777777777778,18.612499999999997,270.93055555555554,40.19444444444444,39.55555555555556
02-12,-2.0194444444444444,77.36111111111111,-5.7444444444444445,0.008333333333333335,1024.288888888889,1019.3902777777779,0.041944444444444444,17.922222222222224,228.20833333333334,61.416666666666664,61.204166666666666
02-13,-0.5,79.55555555555556,-3.763888888888889,0.034722222222222224,1022.3472222222222,1017.4777777777776,0.036944444444444446,15.211111111111112,230.97222222222223,51.93055555555556,53.30833333333334
02-14,0.5888888888888889,82.19444444444444,-2.4291666666666667,0.0041666666666666675,1021.2722222222224,1016.4375,0.037222222222222226,11.818055555555555,231.70833333333334,41.09722222222222,40.856944444444444
02-15,1.8347222222222221,79.93055555555556,-1.3972222222222221,0.05555555555555555,1020.6500000000001,1015.8416666666667,0.035277777777777776,15.427777777777777,193.19444444444446,23.444444444444443,24.56388888888889
02-16,6.816666666666666,77.77777777777777,2.6694444444444443,0.15000000000000002,1007.3847222222222,1002.7194444444444,0.058055555555555555,22.4125,209.93055555555554,1.2361111111111112,1.1208333333333333
02-17,6.626388888888889,76.51388888888889,2.529166666666667,0.10555555555555557,1005.748611111111,1001.0972222222222,0.05388888888888889,24.566666666666666,250.63888888888889,11.694444444444445,11.62361111111111
02-18,5.977777777777778,77.48611111111111,2.176388888888889,0.0875,1011.1388888888889,1006.4499999999999,0.051388888888888894,21.116666666666667,216.75,34.09722222222222,34.604166666666664
02-19,4.784722222222222,75.19444444444444,0.49444444444444435,0.13055555555555556,1011.5111111111112,1006.7986111111111,0.05027777777777778,23.34722222222222,241.58333333333334,30.63888888888889,29.58888888888889
02-20,4.980555555555556,84.19444444444444,2.476388888888889,0.13055555555555556,1013.0388888888889,1008.3263888888889,0.03305555555555555,17.55972222222222,199.91666666666666,22.36111111111111,22.359722222222224
02-21,6.093055555555555,76.08333333333333,2.0152777777777775,0.12916666666666668,1010.3958333333334,1005.7125000000001,0.05541666666666667,22.477777777777778,227.05555555555554,59.18055555555556,60.520833333333336
02-22,5.919444444444444,75.02777777777777,1.5597222222222222,0.12916666666666668,1015.8791666666667,1011.1666666666666,0.05972222222222222,20.343055555555555,224.18055555555554,46.708333333333336,47.49027777777778
02-23,6.888888888888889,78.27777777777777,3.201388888888889,0.19861111111111113,1019.6486111111111,1014.9402777777777,0.04805555555555555,17.865277777777777,238.58333333333334,39.31944444444444,39.14722222222222
02-24,7.473611111111111,77.13888888888889,3.5902777777777777,0.11249999999999999,1018.4861111111111,1013.7902777777776,0.055833333333333325,17.9125,220.79166666666666,45.77777777777778,46.474999999999994
02-25,7.290277777777778,77.15277777777777,3.3583333333333334,0.07777777777777778,1013.0041666666667,1008.3180555555555,0.057499999999999996,18.291666666666668,242.63888888888889,63.986111111111114,63.987500000000004
02-26,4.275,85.22222222222223,1.9305555555555556,0.09166666666666666,1018.2986111111111,1013.5500000000001,0.026805555555555555,13.379166666666666,243.76388888888889,8.041666666666666,7.530555555555556
02-27,2.701388888888889,87.5,0.7625,0.023611111111111114,1025.0347222222222,1020.2277777777776,0.03027777777777778,10.654166666666667,201.75,30.63888888888889,32.020833333333336
02-28,2.4000000000000004,82.81944444444444,-0.3652777777777778,0.020833333333333332,1028.0541666666666,1023.2263888888889,0.037500000000000006,11.676388888888889,218.44444444444446,51.56944444444444,49.84722222222222
02-29,6.9125000000000005,77.625,3.125,0.34166666666666673,998.1833333333334,993.5791666666668,0.05958333333333333,21.2375,196.83333333333334,48.166666666666664,43.30833333333334
03-01,3.4569444444444444,75.875,-0.5972222222222222,0.019444444444444445,1021.8249999999999,1017.0374999999999,0.050416666666666665,12.475000000000001,201.26388888888889,66.22222222222223,65.35972222222222
03-02,3.5472222222222225,80.16666666666667,0.18888888888888888,0.04583333333333333,1018.1444444444444,1013.3805555555555,0.04513888888888889,7.8069444444444445,178.45833333333334,68.11111111111111,65.45694444444445
03-03,2.801388888888889,86.97222222222223,0.7361111111111112,0.026388888888888892,1015.7319444444444,1010.9694444444444,0.034722222222222224,10.595833333333333,168.95833333333334,41.875,42.18333333333333
03-04,2.6902777777777778,84.23611111111111,0.175,0.005555555555555556,1017.2861111111112,1012.4944444444445,0.032777777777777774,11.1125,186.88888888888889,34.388888888888886,34.6375
03-05,1.8180555555555555,74.73611111111111,-2.5875000000000004,0.002777777777777778,1018.1222222222223,1013.3263888888889,0.053611111111111116,10.855555555555556,151.80555555555554,78.94444444444444,81.14027777777778
03-06,2.0555555555555554,80.80555555555556,-1.0263888888888888,0.09444444444444446,1016.4972222222223,1011.7277777777776,0.02888888888888889,12.5125,172.375,17.61111111111111,19.55138888888889
03-07,2.901388888888889,78.04166666666667,-0.7749999999999999,0.03888888888888889,1019.5583333333333,1014.7750000000001,0.04375,15.645833333333334,256.40277777777777,48.19444444444444,48.108333333333334
03-08,2.7083333333333335,74.5,-1.6805555555555556,0.001388888888888889,1021.3847222222222,1016.5875000000001,0.05458333333333334,8.787500000000001,142.97222222222223,91.90277777777777,90.44027777777778
03-09,3.0305555555555554,73.11111111111111,-1.6875,0.022222222222222223,1019.4277777777778,1014.6430555555556,0.05027777777777778,8.544444444444444,173.58333333333334,70.0,67.49027777777778
03-10,3.0819444444444444,72.93055555555556,-1.7652777777777777,0.0875,1018.623611111111,1013.8513888888889,0.05527777777777778,15.693055555555556,151.81944444444446,83.79166666666667,83.16805555555555
03-11,5.629166666666666,68.38888888888889,-0.1013888888888889,0.1277777777777778,1012.4708333333333,1007.7708333333334,0.06916666666666667,22.980555555555554,192.75,67.58333333333333,66.83611111111111
03-12,6.35,61.791666666666664,-0.9847222222222223,0.08194444444444444,1011.2361111111111,1006.5486111111111,0.08763888888888889,23.36111111111111,203.41666666666666,86.11111111111111,83.93055555555556
03-13,5.344444444444445,65.95833333333333,-0.8458333333333333,0.09861111111111112,1010.0833333333334,1005.3805555555555,0.07388888888888889,23.123611111111114,198.02777777777777,63.52777777777778,63.205555555555556
03-14,4.595833333333334,68.09722222222223,-1.3347222222222221,0.08611111111111111,1017.1930555555555,1012.4499999999999,0.07152777777777779,15.556944444444444,207.01388888888889,87.90277777777777,88.03888888888889
03-15,5.720833333333333,73.875,0.9055555555555556,0.07083333333333333,1018.0819444444444,1013.3597222222221,0.06625,14.686111111111112,195.15277777777777,56.638888888888886,58.044444444444444
03-16,6.108333333333333,74.88888888888889,1.6277777777777778,0.0125,1021.1458333333334,1016.4069444444444,0.06875,13.176388888888889,195.98611111111111,73.31944444444444,73.5
03-17,5.858333333333333,80.84722222222223,2.536111111111111,0.016666666666666666,1026.4625,1021.6972222222222,0.058472222222222224,10.369444444444445,185.58333333333334,63.111111111111114,63.25694444444444
03-18,6.548611111111111,76.08333333333333,2.240277777777778,0.041666666666666664,1029.5319444444444,1024.763888888889,0.0748611111111111,10.63888888888889,219.15277777777777,91.36111111111111,91.61250000000001
03-19,5.020833333333333,75.79166666666667,0.8444444444444446,0.025,1030.5972222222222,1025.802777777778,0.06444444444444444,14.1375,90.95833333333333,81.09722222222223,81.99583333333334
03-20,4.301388888888889,61.916666666666664,-2.816666666666667,0.001388888888888889,1030.4152777777776,1025.6097222222222,0.0748611111111111,14.600000000000001,144.98611111111111,71.16666666666667,72.35138888888889
03-21,4.663888888888889,62.916666666666664,-2.386111111111111,0.029166666666666667,1027.275,1022.4902777777778,0.07972222222222222,17.74722222222222,158.38888888888889,81.52777777777777,79.85416666666667
03-22,3.8125,60.34722222222222,-3.693055555555555,0.0,1030.3791666666666,1025.5652777777777,0.08861111111111111,11.79861111111111,166.38888888888889,133.01388888888889,133.6236111111111
03-23,4.231944444444444,66.88888888888889,-1.8694444444444445,0.0,1031.4013888888887,1026.5805555555555,0.07472222222222222,9.863888888888889,147.01388888888889,109.34722222222223,109.07638888888889
03-24,4.226388888888889,66.36111111111111,-2.048611111111111,0.0,1030.0416666666667,1025.2319444444445,0.08027777777777778,8.965277777777779,127.08333333333333,119.86111111111111,119.03611111111111
03-25,6.002777777777777,65.51388888888889,-0.49027777777777776,0.0,1027.2847222222222,1022.5222222222224,0.09388888888888888,10.395833333333334,199.98611111111111,139.65277777777777,141.1125
03-26,7.151388888888889,69.98611111111111,1.6513888888888888,0.015277777777777779,1025.225,1020.4847222222221,0.08194444444444444,11.68888888888889,177.125,97.25,98.59305555555555
03-27,7.218055555555556,72.47222222222223,2.1902777777777778,0.03888888888888889,1023.6277777777777,1018.8958333333334,0.08652777777777779,12.8625,159.80555555555554,110.47222222222223,108.32499999999999
03-28,7.576388888888889,71.26388888888889,2.261111111111111,0.001388888888888889,1021.9972222222223,1017.2791666666667,0.09444444444444444,13.905555555555557,266.30555555555554,119.48611111111111,117.90555555555557
03-29,7.027777777777778,69.23611111111111,1.4083333333333334,0.022222222222222223,1020.2236111111112,1015.5069444444445,0.07166666666666667,15.902777777777779,230.94444444444446,40.736111111111114,37.71805555555555
03-30,5.75,68.72222222222223,0.09861111111111115,0.016666666666666666,1020.6388888888889,1015.9027777777778,0.07500000000000001,10.955555555555556,216.63888888888889,71.08333333333333,71.96527777777777
03-31,5.718055555555555,62.52777777777778,-1.573611111111111,0.0041666666666666675,1019.0027777777777,1014.2680555555556,0.09347222222222223,12.8,145.08333333333334,84.84722222222223,87.48055555555555
04-01,5.605555555555556,59.15277777777778,-2.2291666666666665,0.01666666666666667,1014.7055555555556,1009.9930555555555,0.09583333333333334,17.475,190.06944444444446,78.25,77.58194444444445
04-02,4.663888888888889,65.97222222222223,-1.4930555555555556,0.0,1014.7944444444444,1010.0652777777777,0.08222222222222222,17.88888888888889,192.30555555555554,53.09722222222222,54.325
04-03,4.480555555555556,62.0,-2.7333333333333334,0.006944444444444444,1017.2611111111112,1012.5166666666667,0.085,15.870833333333334,272.4583333333333,71.22222222222223,75.40833333333333
04-04,4.9319444444444445,69.43055555555556,-0.6180555555555556,0.0763888888888889,1016.9347222222223,1012.1944444444445,0.07958333333333334,17.202777777777776,239.43055555555554,84.70833333333333,86.29583333333333
04-05,6.1305555555555555,68.84722222222223,0.35555555555555557,0.10555555555555556,1010.561111111111,1005.8819444444445,0.08625,19.91111111111111,216.04166666666666,78.94444444444444,77.63333333333334
04-06,7.925000000000001,66.125,1.4958333333333333,0.051388888888888894,1009.1583333333333,1004.5041666666667,0.1025,19.045833333333334,216.77777777777777,102.06944444444444,102.30694444444445
04-07,8.12638888888889,68.66666666666667,2.433333333333333,0.18055555555555555,1008.5152777777779,1003.8666666666666,0.10208333333333335,20.970833333333335,236.79166666666666,110.38888888888889,111.81666666666666
04-08,7.541666666666667,66.76388888888889,1.3569444444444445,0.061111111111111116,1013.0138888888889,1008.3347222222224,0.10222222222222223,18.163888888888888,213.51388888888889,114.25,114.19999999999999
04-09,7.765277777777778,65.69444444444444,1.4222222222222223,0.011111111111111112,1013.8416666666667,1009.1680555555556,0.10597222222222222,17.104166666666668,261.84722222222223,117.83333333333333,119.25972222222224
04-10,6.448611111111111,73.25,1.6180555555555556,0.10694444444444445,1018.8000000000001,1014.0791666666667,0.07916666666666666,12.370833333333334,223.30555555555554,79.22222222222223,77.7125
04-11,8.304166666666667,70.22222222222223,2.6180555555555554,0.03194444444444445,1018.8458333333333,1014.1555555555556,0.10486111111111111,10.723611111111111,177.55555555555554,134.34722222222223,134.875
04-12,8.606944444444444,63.59722222222222,1.25,0.0125,1018.8541666666666,1014.1722222222221,0.11625000000000002,12.25,207.05555555555554,111.66666666666667,111.1611111111111
04-13,8.009722222222223,61.916666666666664,0.5249999999999999,0.020833333333333332,1019.7555555555555,1015.0583333333333,0.11263888888888889,14.613888888888889,244.58333333333334,111.98611111111111,112.07499999999999
04-14,7.027777777777778,69.44444444444444,1.1708333333333334,0.07083333333333333,1022.5763888888889,1017.8499999999999,0.08888888888888889,12.880555555555555,271.19444444444446,83.01388888888889,85.56666666666666
04-15,6.844444444444445,70.22222222222223,1.4,0.05277777777777778,1024.4402777777777,1019.6999999999999,0.08,17.788888888888888,220.23611111111111,50.375,48.44027777777778
04-16,7.7666666666666675,62.958333333333336,0.7097222222222223,0.006944444444444444,1025.0055555555555,1020.2805555555556,0.11916666666666667,14.198611111111113,159.79166666666666,147.02777777777777,147.0027777777778
04-17,8.559722222222222,64.25,1.6027777777777779,0.023611111111111114,1022.998611111111,1018.2930555555556,0.11750000000000001,9.658333333333333,111.88888888888889,141.05555555555554,139.10833333333332
04-18,8.666666666666666,65.22222222222223,1.4152777777777779,0.08472222222222221,1019.8694444444445,1015.1875,0.11819444444444444,10.43888888888889,67.23611111111111,146.83333333333334,145.6236111111111
04-19,8.833333333333334,61.94444444444444,1.1583333333333334,0.002777777777777778,1019.4097222222222,1014.7319444444444,0.12805555555555556,13.855555555555556,61.041666666666664,154.20833333333334,154.64999999999998
04-20,9.1375,64.15277777777777,2.0902777777777777,0.002777777777777778,1019.3499999999999,1014.6736111111111,0.12722222222222224,12.202777777777778,146.36111111111111,142.79166666666666,142.85416666666666
04-21,10.019444444444444,62.611111111111114,2.5305555555555554,0.008333333333333335,1018.0625,1013.4055555555556,0.12930555555555556,14.89722222222222,151.54166666666666,132.18055555555554,133.96805555555557
04-22,9.495833333333334,62.65277777777778,2.154166666666667,0.019444444444444445,1018.6708333333333,1013.9944444444445,0.12097222222222223,16.820833333333333,144.65277777777777,118.98611111111111,119.46388888888889
04-23,10.613888888888889,57.375,1.901388888888889,0.0,1018.9305555555555,1014.2791666666667,0.14208333333333334,13.101388888888888,150.25,152.5,152.38888888888889
04-24,10.8,58.72222222222222,2.245833333333333,0.002777777777777778,1012.8680555555555,1008.2444444444445,0.1425,14.893055555555556,195.125,119.625,121.40972222222223
04-25,8.291666666666666,63.27777777777778,1.198611111111111,0.018055555555555557,1015.1763888888888,1010.501388888889,0.10347222222222223,12.672222222222222,202.52777777777777,74.43055555555556,73.92500000000001
04-26,8.759722222222223,59.361111111111114,0.2625,0.0,1016.4652777777778,1011.7930555555556,0.12375,7.816666666666666,175.375,125.125,128.10416666666666
04-27,10.462499999999999,55.47222222222222,1.0125000000000002,0.0,1015.8236111111112,1011.1875,0.14805555555555555,9.516666666666667,175.5,179.31944444444446,182.29444444444445
04-28,12.181944444444445,55.0,2.822222222222222,0.001388888888888889,1013.5749999999999,1008.9763888888889,0.15888888888888889,11.095833333333333,171.08333333333334,161.72222222222223,164.33472222222224
04-29,11.779166666666667,69.54166666666667,5.795833333333333,0.05972222222222222,1011.6722222222221,1007.0708333333334,0.10888888888888888,8.679166666666667,182.43055555555554,99.29166666666667,96.60694444444444
04-30,11.784722222222221,66.29166666666667,5.140277777777778,0.018055555555555557,1012.8194444444445,1008.2263888888889,0.10722222222222222,10.927777777777777,191.31944444444446,62.05555555555556,61.9375
05-01,11.158333333333333,65.81944444444444,4.594444444444445,0.058333333333333334,1012.4958333333333,1007.8805555555555,0.11486111111111111,10.541666666666666,127.88888888888889,89.22222222222223,89.53472222222223
05-02,10.505555555555555,73.84722222222223,5.527777777777778,0.23333333333333334,1012.1291666666667,1007.5138888888889,0.10222222222222223,11.084722222222222,223.58333333333334,92.22222222222223,94.32777777777778
05-03,10.052777777777777,69.25,4.116666666666666,0.023611111111111114,1016.4763888888889,1011.8319444444444,0.11499999999999999,13.95,254.98611111111111,115.54166666666667,114.75
05-04,11.009722222222223,70.40277777777777,5.444444444444445,0.0875,1012.2249999999999,1007.6166666666666,0.09847222222222222,12.965277777777779,230.43055555555554,56.458333333333336,55.53472222222222
05-05,10.086111111111112,64.58333333333333,3.2847222222222223,0.23750000000000002,1012.9000000000001,1008.2708333333334,0.1363888888888889,17.793055555555554,279.2083333333333,154.25,153.76805555555555
05-06,10.768055555555556,61.958333333333336,3.226388888888889,0.005555555555555556,1017.1041666666666,1012.4680555555556,0.14027777777777778,13.120833333333334,266.80555555555554,169.875,171.75833333333333
05-07,10.75138888888889,70.98611111111111,5.173611111111111,0.1,1017.9430555555555,1013.2986111111111,0.11611111111111111,11.916666666666666,259.3333333333333,104.90277777777777,102.84444444444445
05-08,12.370833333333334,59.458333333333336,3.6611111111111114,0.002777777777777778,1020.2291666666666,1015.6055555555556,0.16652777777777777,10.822222222222223,230.19444444444446,189.72222222222223,190.85555555555555
05-09,15.780555555555557,53.583333333333336,5.752777777777777,0.0,1017.4749999999999,1012.9097222222222,0.20041666666666666,11.225000000000001,114.5,223.95833333333334,224.55
05-10,18.908333333333335,54.27777777777778,8.691666666666666,0.0041666666666666675,1010.6055555555556,1006.1208333333333,0.19958333333333333,12.106944444444444,175.84722222222223,161.51388888888889,166.40833333333333
05-11,15.941666666666666,68.93055555555556,9.537500000000001,0.24027777777777778,1007.5916666666667,1003.0763888888889,0.1448611111111111,15.02222222222222,219.68055555555554,97.40277777777777,95.93472222222222
05-12,12.462499999999999,65.33333333333333,5.530555555555555,0.08055555555555556,1012.2708333333334,1007.688888888889,0.12458333333333334,15.912500000000001,278.52777777777777,95.18055555555556,99.09861111111111
05-13,11.962499999999999,70.52777777777777,6.051388888888889,0.15416666666666667,1011.3805555555555,1006.7833333333333,0.10500000000000001,13.941666666666666,260.1111111111111,66.73611111111111,70.07777777777778
05-14,11.758333333333333,67.86111111111111,5.269444444444444,0.04861111111111111,1013.8208333333334,1009.2097222222224,0.12388888888888888,14.970833333333335,253.02777777777777,94.26388888888889,95.94722222222222
05-15,12.225000000000001,65.20833333333333,5.152777777777778,0.04722222222222222,1015.4124999999999,1010.8041666666666,0.15638888888888888,9.802777777777777,230.625,188.05555555555554,191.5027777777778
05-16,13.815277777777778,60.486111111111114,5.547222222222222,0.013888888888888888,1013.8916666666667,1009.3208333333334,0.1627777777777778,13.430555555555555,184.34722222222223,143.15277777777777,146.2611111111111
05-17,14.416666666666666,64.01388888888889,6.986111111111111,0.17916666666666667,1014.6958333333334,1010.1166666666666,0.14430555555555558,10.694444444444445,212.63888888888889,120.47222222222223,120.85277777777777
05-18,15.11111111111111,60.0,6.704166666666667,0.020833333333333332,1018.4180555555556,1013.8430555555556,0.16458333333333333,14.176388888888889,229.75,113.93055555555556,112.9361111111111
05-19,15.993055555555555,63.041666666666664,8.181944444444445,0.020833333333333332,1017.9402777777777,1013.3805555555555,0.16736111111111113,12.295833333333333,254.73611111111111,136.79166666666666,135.68472222222223
05-20,15.784722222222221,61.59722222222222,7.569444444444445,0.11805555555555555,1018.4305555555555,1013.8638888888888,0.18097222222222223,12.397222222222222,247.86111111111111,197.59722222222223,197.83055555555555
05-21,14.768055555555556,56.916666666666664,5.625,0.025,1015.2847222222222,1010.7277777777776,0.1809722222222222,17.887500000000003,193.98611111111111,169.22222222222223,169.88888888888889
05-22,14.859722222222224,58.0,5.961111111111111,0.08055555555555555,1013.8499999999999,1009.2888888888889,0.16736111111111113,15.511111111111111,208.31944444444446,119.59722222222223,121.42361111111111
05-23,14.615277777777777,69.25,8.452777777777778,0.1277777777777778,1013.5819444444444,1009.0236111111111,0.14819444444444443,15.426388888888889,203.27777777777777,110.88888888888889,110.96527777777777
05-24,15.129166666666666,67.65277777777777,8.666666666666666,0.12222222222222223,1014.1513888888888,1009.5916666666667,0.15916666666666668,16.680555555555557,216.11111111111111,135.97222222222223,137.74583333333334
05-25,13.106944444444444,70.02777777777777,7.356944444444445,0.058333333333333334,1017.6555555555556,1013.0472222222221,0.12375,15.195833333333333,267.52777777777777,92.20833333333333,88.9361111111111
05-26,14.179166666666667,65.80555555555556,7.316666666666666,0.05972222222222222,1020.2180555555556,1015.6208333333333,0.15680555555555556,16.468055555555555,202.125,139.27777777777777,139.64305555555555
05-27,13.715277777777779,68.55555555555556,7.409722222222222,0.13472222222222222,1019.4180555555556,1014.813888888889,0.14944444444444444,17.180555555555557,253.0,136.59722222222223,138.00416666666666
05-28,12.5625,66.18055555555556,5.927777777777778,0.030555555555555558,1020.8888888888889,1016.2597222222222,0.1451388888888889,18.07638888888889,240.41666666666666,126.73611111111111,125.90833333333333
05-29,12.662500000000001,66.61111111111111,6.051388888888889,0.020833333333333332,1021.2930555555556,1016.6652777777776,0.1411111111111111,12.743055555555555,186.11111111111111,126.80555555555556,128.64166666666668
05-30,12.823611111111111,61.625,5.118055555555555,0.002777777777777778,1021.0791666666667,1016.4555555555556,0.16805555555555554,14.57638888888889,126.27777777777777,175.97222222222223,177.5861111111111
05-31,14.445833333333333,61.486111111111114,6.473611111111111,0.0,1019.9722222222222,1015.3777777777777,0.18055555555555555,10.804166666666667,108.54166666666667,206.11111111111111,203.1875
06-01,15.740277777777777,62.041666666666664,7.570833333333334,0.008333333333333335,1018.4527777777779,1013.8847222222222,0.20194444444444445,12.875,170.18055555555554,204.83333333333334,205.3722222222222
06-02,16.994444444444444,59.236111111111114,8.156944444444443,0.019444444444444445,1018.9250000000001,1014.3819444444445,0.20625,12.918055555555556,202.56944444444446,208.625,210.3652777777778
06-03,18.804166666666667,51.31944444444444,7.7444444444444445,0.0,1016.4347222222223,1011.9277777777778,0.23916666666666664,10.147222222222222,92.65277777777777,265.6111111111111,266.04999999999995
06-04,18.32638888888889,61.40277777777778,10.338888888888889,0.06666666666666667,1012.3819444444445,1007.873611111111,0.17152777777777778,13.854166666666666,98.86111111111111,98.0,95.32222222222222
06-05,18.43472222222222,60.65277777777778,9.761111111111111,0.0375,1010.5097222222222,1006.0222222222224,0.21416666666666667,14.165277777777778,140.38888888888889,198.93055555555554,198.08194444444445
06-06,18.725,56.875,9.354166666666666,0.02361111111111111,1011.6583333333333,1007.1666666666666,0.1923611111111111,12.73611111111111,195.58333333333334,158.45833333333334,161.11944444444444
06-07,18.147222222222222,58.34722222222222,9.06388888888889,0.009722222222222222,1013.4138888888889,1008.9124999999999,0.17777777777777778,9.940277777777778,230.09722222222223,139.97222222222223,140.37083333333334
06-08,18.987499999999997,57.625,9.877777777777778,0.001388888888888889,1014.3458333333333,1009.8472222222222,0.1925,9.106944444444444,205.22222222222223,168.36111111111111,171.89444444444445
06-09,18.818055555555556,59.52777777777778,10.162500000000001,0.025,1016.1458333333334,1011.6333333333334,0.17430555555555557,9.894444444444444,160.56944444444446,137.73611111111111,140.03750000000002
06-10,19.362499999999997,55.541666666666664,9.265277777777778,0.009722222222222222,1017.9583333333334,1013.4541666666667,0.21902777777777777,12.340277777777779,181.33333333333334,194.54166666666666,197.2486111111111
06-11,20.25,64.29166666666667,12.45138888888889,0.14166666666666666,1016.2263888888889,1011.7430555555555,0.1615277777777778,9.556944444444445,174.41666666666666,97.31944444444444,97.35833333333333
06-12,19.65,67.59722222222223,12.81388888888889,0.07222222222222223,1015.0888888888888,1010.5958333333333,0.16916666666666666,12.88888888888889,192.06944444444446,119.95833333333333,116.20694444444445
06-13,18.355555555555554,65.22222222222223,11.3625,0.02361111111111111,1017.3486111111112,1012.8291666666667,0.16708333333333336,15.744444444444444,229.22222222222223,99.22222222222223,99.59583333333333
06-14,18.28472222222222,62.861111111111114,10.473611111111111,0.0625,1018.3444444444444,1013.8236111111112,0.18375,11.843055555555557,193.65277777777777,156.36111111111111,155.61666666666667
06-15,19.047222222222224,59.75,10.459722222222222,0.016666666666666666,1017.4694444444444,1012.9625000000001,0.2026388888888889,9.072222222222223,154.01388888888889,190.93055555555554,190.13055555555556
06-16,19.78611111111111,54.916666666666664,9.752777777777778,0.0,1017.0236111111111,1012.5250000000001,0.22902777777777775,10.572222222222223,153.31944444444446,212.18055555555554,212.94444444444446
06-17,23.040277777777778,51.125,11.502777777777778,0.0,1016.4847222222221,1012.0402777777776,0.24875,11.102777777777778,147.72222222222223,207.72222222222223,211.2875
06-18,25.0,49.69444444444444,12.709722222222222,0.001388888888888889,1012.9861111111111,1008.5847222222224,0.28055555555555556,13.712499999999999,141.56944444444446,208.66666666666666,208.30694444444444
06-19,23.65,61.40277777777778,14.71388888888889,0.07777777777777778,1010.9958333333333,1006.5791666666667,0.21972222222222224,13.183333333333334,231.94444444444446,155.25,158.33472222222224
06-20,19.76388888888889,70.26388888888889,13.466666666666667,0.1875,1012.0111111111112,1007.5388888888889,0.14458333333333334,15.16527777777778,222.05555555555554,62.458333333333336,62.1236111111111
06-21,20.243055555555557,64.73611111111111,12.670833333333333,0.09444444444444444,1012.4472222222222,1007.9763888888889,0.19416666666666668,14.145833333333334,257.3888888888889,163.25,161.81805555555556
06-22,19.63611111111111,61.77777777777778,11.272222222222222,0.0,1015.6680555555556,1011.1736111111111,0.18847222222222224,10.738888888888889,284.75,170.25,170.27777777777777
06-23,19.544444444444444,58.94444444444444,10.288888888888888,0.009722222222222222,1019.4861111111111,1014.9763888888889,0.21250000000000002,10.043055555555556,191.97222222222223,203.40277777777777,203.1125
06-24,20.706944444444446,64.61111111111111,12.790277777777778,0.06805555555555556,1017.3652777777778,1012.8777777777777,0.19625,12.101388888888888,91.98611111111111,129.72222222222223,133.1861111111111
06-25,21.490277777777777,69.08333333333333,14.976388888888888,0.16944444444444445,1016.5958333333333,1012.126388888889,0.18569444444444444,9.45138888888889,185.05555555555554,138.04166666666666,138.33749999999998
06-26,22.04861111111111,68.44444444444444,15.288888888888888,0.10833333333333334,1016.2194444444444,1011.7611111111112,0.19694444444444445,8.159722222222221,128.86111111111111,182.375,183.95555555555555
06-27,24.166666666666668,57.138888888888886,14.141666666666667,0.001388888888888889,1013.5875000000001,1009.1750000000001,0.2411111111111111,10.020833333333334,172.55555555555554,204.45833333333334,207.7513888888889
06-28,22.686111111111114,59.208333333333336,13.431944444444445,0.11527777777777778,1015.6763888888888,1011.2375000000001,0.19736111111111113,11.081944444444444,201.59722222222223,153.44444444444446,153.0
06-29,21.640277777777776,57.5,12.334722222222222,0.013888888888888888,1012.9027777777778,1008.4555555555556,0.19194444444444445,10.50138888888889,175.43055555555554,125.16666666666667,124.85833333333332
06-30,19.866666666666667,71.43055555555556,13.818055555555555,0.625,1009.2736111111111,1004.8069444444445,0.13361111111111112,14.113888888888889,209.54166666666666,57.013888888888886,57.175000000000004
07-01,18.629166666666666,80.48611111111111,15.012500000000001,0.5513888888888889,1010.6041666666666,1006.1208333333333,0.10527777777777778,16.706944444444446,233.88888888888889,42.833333333333336,44.75555555555556
07-02,19.391666666666666,68.86111111111111,12.847222222222221,0.022222222222222223,1015.4847222222221,1011.001388888889,0.18416666666666667,10.816666666666666,246.77777777777777,184.45833333333334,185.17222222222222
07-03,20.256944444444443,63.013888888888886,12.193055555555555,0.016666666666666666,1015.6291666666667,1011.1430555555556,0.1927777777777778,11.983333333333333,218.34722222222223,168.29166666666666,171.95972222222224
07-04,20.608333333333334,61.02777777777778,12.2375,0.02638888888888889,1014.2458333333333,1009.7777777777778,0.21208333333333332,12.13888888888889,223.58333333333334,190.41666666666666,194.54583333333335
07-05,20.827777777777776,63.55555555555556,13.084722222222222,0.030555555555555558,1012.8583333333333,1008.3888888888889,0.1788888888888889,14.53611111111111,246.19444444444446,103.16666666666667,104.11944444444445
07-06,19.069444444444443,60.791666666666664,10.843055555555557,0.015277777777777779,1013.876388888889,1009.3791666666667,0.19374999999999998,16.991666666666667,248.25,152.59722222222223,156.33333333333334
07-07,17.030555555555555,73.25,11.784722222222221,0.43194444444444446,1017.2249999999999,1012.6875,0.12402777777777778,13.761111111111111,242.23611111111111,65.93055555555556,64.58333333333333
07-08,17.03472222222222,73.43055555555556,12.011111111111111,0.025,1020.2277777777776,1015.6791666666666,0.11583333333333333,12.833333333333334,208.90277777777777,51.0,51.6875
07-09,16.968055555555555,83.20833333333333,13.955555555555556,0.26249999999999996,1016.8055555555555,1012.2763888888888,0.08472222222222221,14.102777777777778,218.54166666666666,31.541666666666668,29.82638888888889
07-10,17.654166666666665,71.43055555555556,12.033333333333333,0.2,1015.2750000000001,1010.7555555555555,0.15208333333333332,15.645833333333334,255.31944444444446,104.76388888888889,102.79444444444444
07-11,18.030555555555555,63.583333333333336,10.433333333333334,0.005555555555555556,1019.6638888888889,1015.1361111111112,0.17972222222222223,12.008333333333333,223.38888888888889,158.72222222222223,162.04166666666666
07-12,18.52777777777778,68.02777777777777,11.68888888888889,0.04583333333333333,1020.5069444444445,1015.9819444444444,0.16958333333333334,10.912500000000001,241.81944444444446,148.52777777777777,150.79027777777776
07-13,20.904166666666665,63.75,12.990277777777777,0.002777777777777778,1016.6402777777779,1012.1611111111112,0.1809722222222222,10.168055555555556,191.86111111111111,118.0,119.16250000000001
07-14,20.688888888888886,60.90277777777778,11.733333333333333,0.015277777777777779,1013.3000000000001,1008.8305555555556,0.20638888888888887,11.566666666666666,219.97222222222223,182.97222222222223,184.6125
07-15,17.87777777777778,72.52777777777777,12.37361111111111,0.1875,1014.4888888888888,1009.9847222222221,0.12902777777777777,11.866666666666667,293.84722222222223,80.75,81.98472222222222
07-16,18.805555555555557,70.27777777777777,12.670833333333333,0.0875,1016.9736111111112,1012.4583333333334,0.17569444444444446,12.511111111111111,293.3611111111111,151.94444444444446,152.18194444444444
07-17,18.75,71.97222222222223,13.093055555555557,0.12777777777777777,1020.8347222222224,1016.3069444444445,0.14569444444444446,11.933333333333334,251.0,104.43055555555556,103.19861111111112
07-18,21.179166666666667,63.06944444444444,12.927777777777777,0.0,1020.3569444444444,1015.873611111111,0.19652777777777777,8.272222222222222,211.29166666666666,190.56944444444446,194.39722222222224
07-19,22.305555555555557,55.958333333333336,11.602777777777778,0.002777777777777778,1017.9708333333333,1013.5069444444445,0.19819444444444445,8.466666666666667,224.43055555555554,167.06944444444446,168.28333333333333
07-20,22.408333333333335,57.27777777777778,11.981944444444444,0.041666666666666664,1017.3819444444445,1012.9236111111111,0.2123611111111111,11.033333333333333,236.01388888888889,151.16666666666666,151.70972222222224
07-21,20.05972222222222,62.81944444444444,12.127777777777778,0.05555555555555555,1019.7694444444444,1015.2652777777779,0.16819444444444442,11.484722222222222,261.19444444444446,103.55555555555556,107.82499999999999
07-22,19.265277777777776,67.29166666666667,12.587499999999999,0.022222222222222223,1019.9375,1015.4222222222221,0.15388888888888888,10.133333333333333,249.90277777777777,114.98611111111111,116.50694444444444
07-23,18.773611111111112,63.833333333333336,10.995833333333334,0.11666666666666667,1017.0250000000001,1012.5152777777779,0.16083333333333333,8.009722222222223,271.59722222222223,128.94444444444446,124.2472222222222
07-24,21.297222222222224,55.69444444444444,11.152777777777779,0.0,1013.9749999999999,1009.5111111111112,0.22180555555555556,11.25,195.15277777777777,203.29166666666666,203.89722222222224
07-25,23.25,59.625,14.256944444444445,0.11527777777777778,1010.7805555555556,1006.3666666666666,0.20958333333333334,11.125,183.56944444444446,157.44444444444446,159.38194444444446
07-26,21.233333333333334,70.09722222222223,15.211111111111112,0.07222222222222223,1011.3569444444444,1006.9069444444444,0.15916666666666668,11.715277777777779,222.06944444444446,116.25,116.61111111111111
07-27,20.015277777777776,62.736111111111114,12.181944444444445,0.009722222222222222,1014.9097222222222,1010.4194444444444,0.16833333333333333,11.079166666666667,226.51388888888889,114.5,118.50972222222224
07-28,20.265277777777776,58.638888888888886,11.37361111111111,0.03333333333333334,1013.4111111111112,1008.9305555555555,0.185,11.205555555555556,219.97222222222223,124.625,122.55416666666666
07-29,20.148611111111112,51.30555555555556,9.148611111111112,0.005555555555555555,1014.9944444444445,1010.5083333333334,0.21250000000000002,16.975,200.875,119.75,119.11944444444445
07-30,19.876388888888886,53.111111111111114,9.405555555555557,0.001388888888888889,1014.9833333333333,1010.4958333333333,0.19666666666666666,11.648611111111112,203.875,144.38888888888889,145.1138888888889
07-31,21.112499999999997,53.69444444444444,10.575,0.0,1013.1541666666667,1008.6958333333334,0.21958333333333335,12.399999999999999,252.80555555555554,206.06944444444446,206.8875
08-01,20.552777777777777,64.48611111111111,12.741666666666667,0.022222222222222223,1012.6333333333334,1008.1708333333333,0.17208333333333334,11.794444444444444,205.875,123.23611111111111,122.30000000000001
08-02,20.24722222222222,61.486111111111114,11.645833333333334,0.044444444444444446,1013.6805555555555,1009.2027777777779,0.17069444444444445,10.305555555555555,248.98611111111111,136.13888888888889,136.90277777777777
08-03,20.788888888888888,59.708333333333336,11.616666666666667,0.01666666666666667,1013.6055555555556,1009.1444444444444,0.17041666666666666,8.130555555555555,216.65277777777777,134.26388888888889,133.84861111111113
08-04,21.969444444444445,57.5,11.649999999999999,0.037500000000000006,1013.5180555555556,1009.063888888889,0.19861111111111113,10.281944444444443,189.70833333333334,139.70833333333334,139.05833333333334
08-05,20.781944444444445,64.54166666666667,12.945833333333333,0.10833333333333334,1014.3097222222223,1009.8458333333333,0.17763888888888887,10.62361111111111,168.95833333333334,134.88888888888889,135.01944444444445
08-06,20.012500000000003,60.44444444444444,10.897222222222222,0.05416666666666667,1017.5208333333334,1013.0250000000001,0.18805555555555553,10.788888888888888,181.61111111111111,169.80555555555554,169.16250000000002
08-07,21.366666666666667,60.361111111111114,12.49861111111111,0.05,1017.3527777777776,1012.8791666666667,0.1741666666666667,8.456944444444444,168.55555555555554,139.69444444444446,143.00416666666666
08-08,22.990277777777777,52.208333333333336,11.477777777777778,0.0041666666666666675,1017.7527777777777,1013.3027777777778,0.20111111111111113,10.351388888888888,159.59722222222223,171.11111111111111,174.30833333333334
08-09,22.884722222222223,52.041666666666664,11.566666666666666,0.0125,1020.5847222222224,1016.1125000000001,0.19180555555555556,10.465277777777779,130.61111111111111,121.09722222222223,121.89722222222223
08-10,21.990277777777777,61.25,13.170833333333333,0.08055555555555555,1020.3972222222224,1015.9180555555556,0.17402777777777778,9.147222222222222,137.97222222222223,134.80555555555554,133.74027777777778
08-11,22.380555555555556,54.02777777777778,11.222222222222221,0.0,1020.7069444444444,1016.2249999999999,0.22111111111111112,11.966666666666667,147.59722222222223,182.77777777777777,183.02777777777777
08-12,23.068055555555556,48.18055555555556,10.325,0.0,1020.4819444444444,1016.0166666666667,0.22958333333333336,10.566666666666666,122.18055555555556,180.27777777777777,183.71666666666667
08-13,23.745833333333334,55.94444444444444,13.684722222222222,0.08611111111111111,1017.2694444444444,1012.8249999999999,0.18333333333333332,8.990277777777777,136.23611111111111,131.66666666666666,134.1361111111111
08-14,23.54861111111111,59.40277777777778,14.398611111111112,0.002777777777777778,1014.2402777777778,1009.8125,0.1934722222222222,11.149999999999999,161.04166666666666,137.36111111111111,136.73055555555555
08-15,23.04861111111111,62.208333333333336,14.668055555555554,0.011111111111111112,1010.9222222222221,1006.5069444444445,0.1725,9.075,166.11111111111111,130.73611111111111,130.21249999999998
08-16,22.630555555555556,58.27777777777778,12.633333333333333,0.05138888888888889,1009.9180555555556,1005.4958333333333,0.20680555555555558,13.147222222222222,199.56944444444446,179.75,181.23472222222222
08-17,22.17638888888889,55.68055555555556,11.850000000000001,0.020833333333333332,1010.3972222222224,1005.9638888888888,0.18930555555555556,15.8125,152.41666666666666,138.84722222222223,140.41805555555555
08-18,21.397222222222222,65.30555555555556,14.087499999999999,0.0625,1010.2027777777779,1005.7541666666667,0.1313888888888889,13.9875,219.88888888888889,37.75,35.890277777777776
08-19,20.265277777777776,76.72222222222223,15.748611111111112,0.16944444444444443,1010.7097222222224,1006.251388888889,0.11819444444444444,12.679166666666667,261.93055555555554,77.11111111111111,78.67916666666666
08-20,20.575000000000003,75.0,15.144444444444446,0.1388888888888889,1013.3333333333334,1008.8625000000001,0.11611111111111111,10.802777777777777,251.73611111111111,70.90277777777777,70.27361111111111
08-21,21.779166666666665,63.72222222222222,13.494444444444445,0.002777777777777778,1015.1305555555555,1010.6736111111111,0.16916666666666666,9.223611111111111,200.08333333333334,113.29166666666667,113.89722222222223
08-22,20.008333333333333,72.70833333333333,14.693055555555556,0.18611111111111112,1015.3666666666666,1010.875,0.10458333333333333,10.754166666666666,127.88888888888889,28.375,28.769444444444446
08-23,19.265277777777776,67.23611111111111,12.445833333333333,0.07222222222222223,1017.2541666666667,1012.7611111111112,0.1473611111111111,16.09861111111111,103.47222222222223,84.13888888888889,83.01388888888889
08-24,18.670833333333334,68.375,12.219444444444443,0.005555555555555556,1020.1722222222221,1015.6513888888888,0.14402777777777778,13.090277777777779,109.55555555555556,104.73611111111111,105.60416666666667
08-25,18.84861111111111,71.40277777777777,12.972222222222221,0.06388888888888888,1015.9402777777777,1011.4347222222223,0.13972222222222222,12.838888888888889,183.125,102.875,102.9
08-26,17.759722222222223,83.625,14.865277777777777,0.5291666666666667,1008.3666666666666,1003.8694444444445,0.09194444444444444,16.019444444444446,229.80555555555554,56.80555555555556,57.625
08-27,16.697222222222223,81.48611111111111,13.283333333333333,0.25277777777777777,1011.5999999999999,1007.0805555555556,0.09027777777777778,14.601388888888888,249.56944444444446,58.291666666666664,57.88194444444444
08-28,16.813888888888886,76.81944444444444,12.491666666666667,0.06527777777777778,1011.8986111111111,1007.376388888889,0.10527777777777778,10.87638888888889,230.68055555555554,83.51388888888889,83.04722222222222
08-29,17.018055555555556,77.90277777777777,12.726388888888888,0.28194444444444444,1012.6486111111111,1008.125,0.08708333333333335,9.479166666666666,241.84722222222223,38.43055555555556,36.69583333333333
08-30,16.669444444444444,81.30555555555556,13.18888888888889,0.19722222222222222,1015.0652777777777,1010.5347222222222,0.08513888888888889,10.416666666666666,85.51388888888889,45.90277777777778,45.894444444444446
08-31,16.375,77.33333333333333,12.054166666666667,0.044444444444444446,1019.1416666666667,1014.5888888888888,0.11013888888888888,13.347222222222221,197.04166666666666,93.51388888888889,91.5625
09-01,15.691666666666666,72.61111111111111,10.368055555555555,0.001388888888888889,1021.7333333333333,1017.1666666666666,0.11666666666666667,11.020833333333334,146.43055555555554,100.65277777777777,103.6263888888889
09-02,15.391666666666667,76.55555555555556,10.920833333333333,0.061111111111111116,1021.2319444444444,1016.6541666666667,0.10236111111111111,11.0,230.15277777777777,82.48611111111111,83.01388888888889
09-03,16.669444444444444,68.98611111111111,10.37638888888889,0.05972222222222223,1019.1569444444444,1014.5958333333333,0.14472222222222222,13.719444444444443,194.44444444444446,140.40277777777777,142.71805555555557
09-04,16.880555555555556,74.95833333333333,11.984722222222222,0.05,1019.9166666666666,1015.3611111111111,0.10736111111111112,12.023611111111112,197.94444444444446,75.81944444444444,74.90416666666667
09-05,17.140277777777776,68.19444444444444,10.837499999999999,0.1013888888888889,1021.1555555555556,1016.6069444444444,0.12583333333333335,13.351388888888888,155.83333333333334,87.05555555555556,86.95555555555556
09-06,16.608333333333334,62.958333333333336,9.162500000000001,0.001388888888888889,1020.7041666666667,1016.1472222222224,0.14277777777777778,12.99861111111111,194.02777777777777,121.95833333333333,124.43194444444445
09-07,16.641666666666666,73.34722222222223,11.537500000000001,0.008333333333333333,1020.2430555555555,1015.6791666666666,0.11097222222222222,10.209722222222222,206.55555555555554,92.47222222222223,92.92638888888888
09-08,17.044444444444444,76.75,12.613888888888889,0.18888888888888888,1017.8319444444444,1013.2944444444444,0.09416666666666668,11.806944444444445,169.11111111111111,62.833333333333336,63.12222222222223
09-09,18.427777777777777,74.33333333333333,13.405555555555557,0.019444444444444445,1014.7541666666667,1010.2402777777778,0.12597222222222224,11.23611111111111,189.29166666666666,122.36111111111111,122.26805555555555
09-10,17.068055555555556,76.84722222222223,12.676388888888889,0.01666666666666667,1015.3513888888889,1010.8222222222222,0.10513888888888889,9.169444444444444,239.0,107.18055555555556,110.12777777777778
09-11,16.519444444444446,79.34722222222223,12.556944444444445,0.022222222222222223,1016.4347222222223,1011.8888888888889,0.09652777777777778,8.927777777777777,244.41666666666666,90.65277777777777,88.83888888888889
09-12,17.018055555555556,75.5,12.193055555555555,0.0041666666666666675,1016.9527777777779,1012.4152777777776,0.11361111111111111,9.904166666666667,252.30555555555554,110.125,111.4125
09-13,16.351388888888888,79.20833333333333,12.459722222222222,0.058333333333333334,1017.25,1012.6999999999999,0.09055555555555556,10.651388888888889,237.06944444444446,67.16666666666667,66.51527777777778
09-14,17.11111111111111,73.91666666666667,11.994444444444445,0.0,1016.6305555555555,1012.0958333333333,0.1111111111111111,8.127777777777778,175.5,102.88888888888889,103.53333333333335
09-15,18.522222222222222,75.20833333333333,13.629166666666666,0.0861111111111111,1012.2555555555555,1007.751388888889,0.11333333333333334,13.75138888888889,189.75,87.48611111111111,88.3736111111111
09-16,17.294444444444444,71.80555555555556,11.659722222222221,0.07916666666666666,1010.9680555555556,1006.4597222222224,0.1225,16.924999999999997,272.93055555555554,98.625,99.45694444444445
09-17,13.76388888888889,73.13888888888889,8.633333333333333,0.030555555555555558,1014.9402777777777,1010.3555555555556,0.08888888888888889,16.229166666666668,219.90277777777777,62.15277777777778,59.986111111111114
09-18,12.511111111111111,72.51388888888889,7.166666666666667,0.08611111111111111,1017.1500000000001,1012.5416666666666,0.09361111111111112,13.634722222222223,158.48611111111111,100.94444444444444,100.47638888888889
09-19,12.468055555555557,70.75,6.756944444444445,0.056944444444444436,1017.938888888889,1013.3222222222222,0.08888888888888889,11.36111111111111,147.22222222222223,64.31944444444444,64.45833333333333
09-20,12.31388888888889,71.13888888888889,6.752777777777777,0.04583333333333334,1020.4819444444444,1015.8486111111112,0.0975,9.927777777777777,173.02777777777777,114.55555555555556,116.11944444444445
09-21,13.091666666666667,73.26388888888889,7.8694444444444445,0.020833333333333332,1022.9777777777776,1018.3527777777776,0.09486111111111112,9.665277777777778,218.625,99.875,100.05555555555556
09-22,14.149999999999999,73.0,8.806944444444445,0.001388888888888889,1019.9347222222223,1015.3347222222224,0.08819444444444445,8.774999999999999,174.05555555555554,90.08333333333333,90.55277777777778
09-23,15.095833333333335,69.93055555555556,9.12361111111111,0.020833333333333332,1012.3458333333333,1007.7958333333333,0.10541666666666666,13.044444444444444,198.58333333333334,86.58333333333333,87.9361111111111
09-24,14.802777777777777,72.66666666666667,9.719444444444443,0.02361111111111111,1010.0944444444444,1005.563888888889,0.07875,13.677777777777777,186.625,34.56944444444444,35.18611111111111
09-25,14.693055555555556,82.22222222222223,11.586111111111112,0.1736111111111111,1007.9944444444445,1003.4638888888888,0.06013888888888889,9.431944444444445,227.51388888888889,46.208333333333336,46.125
09-26,13.783333333333333,78.76388888888889,9.795833333333333,0.34305555555555556,1005.2305555555556,1000.6999999999999,0.07555555555555556,13.845833333333333,203.79166666666666,67.625,68.71111111111111
09-27,12.669444444444444,85.05555555555556,10.172222222222222,0.09583333333333334,1005.6847222222223,1001.1305555555555,0.042361111111111106,10.297222222222222,187.66666666666666,11.86111111111111,11.37638888888889
09-28,11.981944444444444,82.08333333333333,8.82638888888889,0.044444444444444446,1010.188888888889,1005.5999999999999,0.06069444444444445,8.658333333333333,194.47222222222223,57.27777777777778,59.61805555555556
09-29,11.948611111111111,83.19444444444444,8.975000000000001,0.13194444444444445,1012.4763888888889,1007.8819444444445,0.056944444444444436,8.284722222222221,175.73611111111111,53.416666666666664,51.636111111111106
09-30,11.297222222222222,77.51388888888889,7.2250000000000005,0.013888888888888888,1016.8499999999999,1012.2208333333333,0.07597222222222222,10.334722222222222,171.81944444444446,88.58333333333333,87.64722222222223
10-01,12.024999999999999,78.33333333333333,8.118055555555555,0.03888888888888889,1011.7888888888889,1007.1986111111112,0.0648611111111111,13.281944444444443,161.94444444444446,35.888888888888886,34.34444444444444
10-02,13.693055555555555,78.34722222222223,9.837499999999999,0.002777777777777778,1009.2833333333333,1004.7430555555555,0.07777777777777778,17.043055555555554,184.43055555555554,65.47222222222223,65.67500000000001
10-03,15.708333333333334,72.23611111111111,10.502777777777778,0.012499999999999999,1007.6277777777777,1003.1111111111111,0.0975,19.704166666666666,191.31944444444446,62.013888888888886,60.830555555555556
10-04,13.462499999999999,79.47222222222223,9.76388888888889,0.019444444444444445,1012.5069444444445,1007.9305555555555,0.05583333333333334,10.383333333333333,228.04166666666666,33.43055555555556,32.34166666666667
10-05,12.88888888888889,82.47222222222223,9.872222222222222,0.1611111111111111,1010.6444444444444,1006.0680555555555,0.05125,12.431944444444445,170.05555555555554,25.166666666666668,23.68472222222222
10-06,12.970833333333333,77.43055555555556,8.922222222222222,0.015277777777777779,1014.9513888888889,1010.3541666666666,0.07277777777777777,14.836111111111112,214.33333333333334,66.43055555555556,68.33333333333333
10-07,11.422222222222222,82.48611111111111,8.265277777777778,0.07916666666666666,1019.9375,1015.2861111111112,0.06569444444444444,9.698611111111111,191.375,87.25,86.25972222222222
10-08,11.620833333333334,80.65277777777777,8.259722222222223,0.0763888888888889,1021.936111111111,1017.2833333333333,0.061111111111111116,14.60277777777778,179.09722222222223,56.708333333333336,57.63194444444444
10-09,10.5125,76.86111111111111,6.372222222222223,0.044444444444444446,1025.115277777778,1020.4333333333333,0.06791666666666667,10.911111111111111,170.88888888888889,88.02777777777777,88.79444444444444
10-10,9.7375,74.75,5.202777777777778,0.005555555555555556,1021.0972222222222,1016.4333333333333,0.06638888888888889,11.929166666666667,183.625,72.22222222222223,71.27361111111111
10-11,8.988888888888889,79.33333333333333,5.405555555555555,0.0041666666666666675,1021.123611111111,1016.4430555555555,0.05402777777777778,11.523611111111112,250.11111111111111,59.416666666666664,60.16388888888889
10-12,8.504166666666666,81.91666666666667,5.355555555555556,0.05277777777777778,1019.2444444444445,1014.563888888889,0.050416666666666665,10.469444444444443,233.41666666666666,56.013888888888886,54.575
10-13,8.569444444444445,83.69444444444444,5.823611111111111,0.001388888888888889,1018.2333333333333,1013.5583333333333,0.052083333333333336,10.43888888888889,194.625,54.888888888888886,55.59027777777778
10-14,10.712499999999999,89.13888888888889,8.961111111111112,0.23055555555555557,1014.0875000000001,1009.4680555555556,0.03263888888888889,16.86388888888889,175.88888888888889,22.083333333333332,22.418055555555554
10-15,11.76388888888889,87.20833333333333,9.662500000000001,0.10833333333333334,1012.813888888889,1008.2083333333334,0.03597222222222222,17.09722222222222,172.54166666666666,17.27777777777778,17.172222222222224
10-16,10.829166666666667,84.81944444444444,8.258333333333333,0.026388888888888892,1018.8874999999999,1014.2319444444444,0.04027777777777777,11.726388888888888,205.26388888888889,28.59722222222222,27.606944444444444
10-17,11.601388888888888,82.125,8.49861111111111,0.027777777777777776,1020.3888888888889,1015.748611111111,0.04861111111111111,10.040277777777778,207.77777777777777,44.291666666666664,44.298611111111114
10-18,11.009722222222223,86.91666666666667,8.827777777777778,0.26666666666666666,1021.9291666666666,1017.2611111111112,0.03125,12.209722222222222,256.34722222222223,18.09722222222222,17.445833333333336
10-19,10.331944444444444,82.0,7.258333333333334,0.02361111111111111,1022.5111111111112,1017.8361111111111,0.043888888888888894,12.269444444444444,218.06944444444446,28.458333333333332,27.504166666666666
10-20,10.995833333333334,79.01388888888889,7.341666666666667,0.08055555555555555,1014.7375000000001,1010.1097222222221,0.06319444444444444,18.123611111111114,168.0,48.763888888888886,48.92638888888889
10-21,12.3625,79.51388888888889,8.756944444444445,0.17083333333333334,1005.8986111111111,1001.3402777777778,0.05777777777777778,19.947222222222223,198.31944444444446,16.583333333333332,16.34722222222222
10-22,12.372222222222222,80.13888888888889,8.93888888888889,0.07222222222222223,1011.2958333333333,1006.7097222222224,0.05888888888888889,18.441666666666666,239.27777777777777,35.55555555555556,35.37777777777777
10-23,11.379166666666666,85.30555555555556,8.906944444444443,0.10694444444444444,1016.7236111111112,1012.0999999999999,0.04569444444444445,12.443055555555555,228.81944444444446,45.666666666666664,47.68888888888889
10-24,11.538888888888888,83.45833333333333,8.661111111111111,0.020833333333333332,1017.0402777777776,1012.4097222222222,0.052083333333333336,14.277777777777779,198.91666666666666,49.65277777777778,49.21388888888889
10-25,10.598611111111111,81.72222222222223,7.508333333333334,0.0041666666666666675,1014.5430555555556,1009.9111111111112,0.04777777777777778,13.3,202.63888888888889,46.263888888888886,47.27916666666667
10-26,10.619444444444445,88.0,8.644444444444444,0.037500000000000006,1014.2069444444444,1009.5736111111112,0.03291666666666667,9.866666666666667,205.61111111111111,28.666666666666668,27.23888888888889
10-27,11.716666666666667,83.11111111111111,8.852777777777778,0.0,1018.4569444444444,1013.8347222222224,0.046388888888888896,13.518055555555556,209.84722222222223,39.611111111111114,39.425
10-28,12.37638888888889,80.80555555555556,9.056944444444445,0.0,1016.8166666666667,1012.2097222222224,0.050972222222222224,13.631944444444445,189.47222222222223,43.541666666666664,42.12916666666666
10-29,11.304166666666667,83.20833333333333,8.497222222222222,0.02638888888888889,1015.7236111111112,1011.0999999999999,0.043611111111111114,13.20138888888889,211.25,48.56944444444444,48.831944444444446
10-30,11.844444444444443,84.15277777777777,9.129166666666666,0.14444444444444446,1014.5749999999999,1009.9638888888888,0.03902777777777778,12.594444444444443,195.66666666666666,41.44444444444444,41.390277777777776
10-31,13.13888888888889,86.66666666666667,10.825,0.04861111111111111,1016.2291666666666,1011.6291666666667,0.04041666666666667,11.551388888888889,210.22222222222223,34.65277777777778,34.388888888888886
11-01,11.602777777777778,89.33333333333333,9.872222222222222,0.09444444444444444,1010.8902777777779,1006.2874999999999,0.020833333333333332,12.393055555555556,192.55555555555554,2.75,2.8277777777777775
11-02,11.540277777777778,84.77777777777777,8.87638888888889,0.15416666666666667,1010.2555555555555,1005.6583333333333,0.04111111111111111,13.656944444444443,214.11111111111111,23.63888888888889,22.75277777777778
11-03,8.866666666666667,82.0,5.815277777777777,0.004166666666666667,1013.0291666666667,1008.3805555555555,0.04041666666666667,11.752777777777778,179.58333333333334,41.111111111111114,42.266666666666666
11-04,8.241666666666667,87.56944444444444,6.1930555555555555,0.5375000000000001,1011.4805555555556,1006.8319444444444,0.022361111111111113,14.180555555555555,224.20833333333334,13.902777777777779,14.488888888888889
11-05,7.6499999999999995,87.65277777777777,5.669444444444444,0.12361111111111112,1022.6333333333334,1017.9180555555556,0.029305555555555553,14.984722222222224,261.72222222222223,35.5,35.287499999999994
11-06,8.406944444444443,84.29166666666667,5.851388888888889,0.005555555555555556,1024.3555555555556,1019.6597222222222,0.034583333333333334,15.426388888888889,225.01388888888889,28.73611111111111,28.583333333333332
11-07,8.613888888888889,81.77777777777777,5.609722222222222,0.036111111111111115,1017.3847222222222,1012.7069444444444,0.04069444444444445,16.529166666666665,205.36111111111111,38.06944444444444,37.83472222222222
11-08,8.225000000000001,87.0,6.065277777777777,0.026388888888888892,1018.9375,1014.248611111111,0.03208333333333333,12.306944444444445,190.19444444444446,32.47222222222222,31.80833333333333
11-09,8.70138888888889,87.11111111111111,6.580555555555556,0.006944444444444444,1022.4541666666667,1017.748611111111,0.026944444444444444,12.390277777777778,176.01388888888889,13.597222222222221,12.747222222222222
11-10,6.795833333333333,87.0,4.723611111111111,0.0041666666666666675,1025.8125,1021.0666666666667,0.025555555555555557,11.850000000000001,182.88888888888889,25.194444444444443,26.11388888888889
11-11,6.651388888888889,87.15277777777777,4.579166666666667,0.0,1026.8694444444445,1022.1194444444445,0.024166666666666666,9.143055555555556,196.61111111111111,18.98611111111111,19.501388888888886
11-12,6.75,89.93055555555556,5.165277777777778,0.009722222222222222,1024.75,1020.0180555555556,0.021805555555555557,9.290277777777778,180.79166666666666,22.38888888888889,21.18472222222222
11-13,6.7875,90.01388888888889,5.198611111111111,0.0,1021.0555555555555,1016.3333333333334,0.022083333333333333,10.536111111111111,165.0,24.333333333333332,22.891666666666666
11-14,7.479166666666667,91.20833333333333,6.101388888888889,0.018055555555555557,1020.8069444444445,1016.0805555555556,0.020416666666666666,11.104166666666666,121.63888888888889,23.319444444444443,22.979166666666668
11-15,7.501388888888889,85.69444444444444,5.197222222222222,0.0,1018.2750000000001,1013.5652777777777,0.0275,12.413888888888888,132.63888888888889,26.51388888888889,26.53611111111111
11-16,6.827777777777778,88.38888888888889,4.993055555555555,0.03333333333333333,1014.5444444444444,1009.8513888888889,0.01972222222222222,14.399999999999999,146.70833333333334,8.666666666666666,8.345833333333333
11-17,6.351388888888889,84.76388888888889,3.9499999999999997,0.07916666666666666,1015.2680555555556,1010.5680555555555,0.022083333333333333,19.456944444444446,191.01388888888889,0.875,0.9833333333333333
11-18,5.511111111111111,84.95833333333333,3.158333333333333,0.04027777777777777,1018.1388888888889,1013.3972222222224,0.02277777777777778,17.26111111111111,179.77777777777777,16.52777777777778,15.922222222222224
11-19,6.066666666666666,81.68055555555556,3.022222222222222,0.030555555555555558,1017.1430555555556,1012.4180555555556,0.03263888888888889,19.768055555555556,259.875,9.930555555555555,9.947222222222223
11-20,3.966666666666667,87.27777777777777,2.0125,0.018055555555555557,1019.7444444444445,1014.9791666666666,0.018472222222222223,14.77222222222222,255.43055555555554,15.76388888888889,15.088888888888887
11-21,3.298611111111111,85.70833333333333,1.036111111111111,0.019444444444444445,1014.9638888888888,1010.2083333333334,0.021388888888888888,13.083333333333334,223.375,10.13888888888889,10.765277777777778
11-22,3.2750000000000004,87.23611111111111,1.286111111111111,0.0125,1015.8416666666667,1011.0847222222224,0.018750000000000003,15.616666666666667,218.41666666666666,12.51388888888889,12.345833333333333
11-23,4.347222222222222,90.34722222222223,2.8736111111111113,0.002777777777777778,1018.5736111111112,1013.8166666666667,0.017222222222222222,13.926388888888889,217.34722222222223,24.430555555555557,24.44861111111111
11-24,3.338888888888889,93.22222222222223,2.3319444444444444,0.005555555555555556,1019.6347222222222,1014.876388888889,0.012361111111111111,9.304166666666667,198.75,9.36111111111111,8.593055555555557
11-25,3.1375,92.54166666666667,2.009722222222222,0.06527777777777778,1015.7444444444445,1010.9861111111111,0.013333333333333332,9.593055555555557,187.13888888888889,13.291666666666666,13.838888888888889
11-26,4.523611111111111,91.84722222222223,3.2958333333333334,0.0125,1015.4625000000001,1010.7333333333333,0.01152777777777778,11.027777777777779,236.38888888888889,3.9444444444444446,3.1875
11-27,3.6999999999999997,93.38888888888889,2.723611111111111,0.03333333333333333,1013.9194444444444,1009.1763888888888,0.011111111111111112,8.948611111111111,153.69444444444446,12.319444444444445,12.024999999999999
11-28,2.2916666666666665,89.25,0.6666666666666666,0.0,1013.2624999999999,1008.4958333333333,0.01361111111111111,10.580555555555556,142.43055555555554,12.930555555555555,12.698611111111111
11-29,2.495833333333333,91.16666666666667,1.1833333333333333,0.023611111111111114,1016.1916666666667,1011.4222222222221,0.009583333333333334,11.072222222222223,240.11111111111111,5.402777777777778,5.072222222222222
11-30,2.227777777777778,85.97222222222223,0.055555555555555566,0.09444444444444444,1016.2027777777779,1011.4250000000001,0.016805555555555556,15.316666666666666,200.29166666666666,6.027777777777778,6.009722222222222
12-01,2.509722222222222,83.63888888888889,-0.037500000000000006,0.09166666666666666,1013.0402777777776,1008.2708333333334,0.017916666666666668,15.011111111111111,145.43055555555554,3.625,3.9305555555555554
12-02,0.47777777777777775,83.11111111111111,-2.1569444444444446,0.025,1014.4430555555555,1009.6361111111112,0.020277777777777777,15.659722222222221,153.51388888888889,18.055555555555557,17.42638888888889
12-03,-0.5930555555555556,80.88888888888889,-3.522222222222222,0.03194444444444444,1012.8458333333333,1008.0305555555556,0.017916666666666668,16.645833333333332,153.125,6.152777777777778,6.295833333333333
12-04,1.073611111111111,89.26388888888889,-0.5111111111111111,0.03888888888888889,1005.9444444444445,1001.2013888888889,0.010972222222222223,14.613888888888889,117.88888888888889,2.7777777777777777,2.9569444444444444
12-05,1.9833333333333334,90.31944444444444,0.5097222222222223,0.0875,1007.9666666666667,1003.2263888888889,0.011250000000000001,10.465277777777779,111.76388888888889,7.597222222222222,7.625
12-06,3.1597222222222223,90.26388888888889,1.6375000000000002,0.019444444444444445,1010.5416666666666,1005.7972222222221,0.01375,13.093055555555557,150.40277777777777,7.916666666666667,7.7875000000000005
12-07,2.401388888888889,87.34722222222223,0.4388888888888889,0.01666666666666667,1008.0791666666667,1003.3486111111112,0.017361111111111112,16.147222222222222,175.91666666666666,6.888888888888889,6.855555555555556
12-08,1.3055555555555556,90.31944444444444,-0.125,0.020833333333333332,1006.8680555555555,1002.1166666666666,0.011111111111111112,14.215277777777779,149.26388888888889,7.416666666666667,7.201388888888889
12-09,-0.24305555555555555,92.23611111111111,-1.3611111111111112,0.0638888888888889,1008.5180555555556,1003.7333333333333,0.007500000000000001,9.865277777777777,107.29166666666667,3.513888888888889,3.301388888888889
12-10,-1.4944444444444445,89.63888888888889,-2.990277777777778,0.037500000000000006,1007.1208333333333,1002.3208333333334,0.007916666666666666,9.455555555555556,100.05555555555556,8.222222222222221,8.81111111111111
12-11,-1.4180555555555554,88.30555555555556,-3.134722222222222,0.020833333333333332,1009.3944444444444,1004.5972222222222,0.007916666666666666,11.070833333333333,202.66666666666666,1.4027777777777777,1.4055555555555557
12-12,0.24722222222222218,89.20833333333333,-1.3513888888888888,0.026388888888888892,1012.1013888888889,1007.3083333333333,0.009444444444444445,12.927777777777777,210.02777777777777,5.166666666666667,5.130555555555556
12-13,1.5833333333333333,91.11111111111111,0.2777777777777778,0.011111111111111112,1016.498611111111,1011.7069444444444,0.008888888888888889,7.336111111111112,190.25,4.694444444444445,4.361111111111111
12-14,1.713888888888889,89.55555555555556,0.13888888888888892,0.002777777777777778,1015.5027777777777,1010.7263888888889,0.010694444444444444,10.945833333333333,180.45833333333334,10.972222222222221,10.959722222222222
12-15,2.0819444444444444,89.36111111111111,0.49583333333333335,0.001388888888888889,1016.9763888888889,1012.2027777777779,0.009722222222222222,11.468055555555557,204.36111111111111,9.444444444444445,8.79861111111111
12-16,2.8819444444444446,92.90277777777777,1.8375000000000001,0.005555555555555555,1023.0180555555556,1018.2222222222222,0.00875,10.333333333333334,205.84722222222223,9.11111111111111,8.375
12-17,1.8194444444444444,93.04166666666667,0.7861111111111111,0.013888888888888888,1028.2486111111111,1023.4138888888889,0.008611111111111111,10.984722222222222,255.81944444444446,6.055555555555555,5.233333333333333
12-18,1.5347222222222223,91.22222222222223,0.25833333333333336,0.001388888888888889,1030.3930555555555,1025.5333333333333,0.009305555555555556,12.456944444444444,208.125,16.76388888888889,16.979166666666668
12-19,2.848611111111111,85.69444444444444,0.5833333333333334,0.13055555555555556,1021.9944444444445,1017.2111111111111,0.015555555555555557,18.029166666666665,214.04166666666666,8.61111111111111,8.774999999999999
12-20,2.825,87.55555555555556,0.9249999999999999,0.015277777777777779,1020.7083333333334,1015.9152777777776,0.01361111111111111,14.17361111111111,227.68055555555554,16.25,15.969444444444443
12-21,3.0791666666666666,93.76388888888889,2.1680555555555556,0.05416666666666667,1019.4819444444444,1014.6902777777777,0.007777777777777778,10.206944444444444,231.70833333333334,9.222222222222221,9.100000000000001
12-22,4.175000000000001,91.90277777777777,2.95,0.175,1014.0236111111111,1009.2861111111112,0.010416666666666666,13.331944444444444,219.76388888888889,6.208333333333333,6.050000000000001
12-23,3.5055555555555555,91.29166666666667,2.1680555555555556,0.24722222222222223,1009.1055555555556,1004.373611111111,0.009722222222222222,9.770833333333334,187.81944444444446,2.8472222222222223,2.905555555555556
12-24,4.091666666666667,92.61111111111111,2.9652777777777777,0.29027777777777775,1005.1972222222222,1000.5041666666667,0.009444444444444445,15.083333333333334,252.33333333333334,2.8194444444444446,3.2
12-25,0.9986111111111112,87.51388888888889,-0.8402777777777778,0.09027777777777778,1015.7083333333334,1010.9124999999999,0.009027777777777779,10.455555555555556,256.52777777777777,13.875,13.708333333333334
12-26,0.6097222222222222,83.43055555555556,-1.9333333333333331,0.008333333333333335,1015.1361111111112,1010.3388888888888,0.015416666666666669,15.008333333333333,196.25,9.88888888888889,9.148611111111112
12-27,0.6152777777777777,68.40277777777777,-4.695833333333334,0.002777777777777778,1009.5930555555556,1004.8208333333334,0.036944444444444446,21.498611111111114,177.5,10.13888888888889,9.559722222222222
12-28,2.522222222222222,83.51388888888889,-0.023611111111111114,0.051388888888888894,999.5333333333333,994.8402777777778,0.018333333333333333,17.358333333333334,158.125,2.8472222222222223,2.6805555555555554
12-29,4.273611111111111,90.95833333333333,2.8402777777777777,0.04722222222222223,999.5722222222222,994.9152777777776,0.015416666666666669,14.059722222222222,215.76388888888889,8.194444444444445,8.662500000000001
12-30,5.656944444444445,86.83333333333333,3.5625,0.05416666666666667,1007.9138888888889,1003.2375000000001,0.019444444444444445,16.602777777777778,216.5,14.694444444444445,15.115277777777777
12-31,9.058333333333334,84.73611111111111,6.512499999999999,0.09305555555555556,1009.4513888888889,1004.8291666666667,0.03166666666666667,20.751388888888886,220.76388888888889,8.0,7.995833333333334
